sex,species,mean_body_mass
female,Adelie,3368.8356164383563
female,Chinstrap,3527.205882352941
female,Gentoo,4679.741379310345
male,Adelie,4043.4931506849316
male,Chinstrap,3938.970588235294
male,Gentoo,5484.836065573771
